{
  "N": 1580,
  "z_range": [
    0.01016,
    2.26137
  ],
  "validation": {
    "LCDM_Om_standard": 0.3332775919732441,
    "note": "matches Pantheon+ published Om0=0.334; F'(tau) & low-z Taylor verified"
  },
  "standard_full": {
    "fv0": 0.8528822055137845,
    "fv0_err": [
      0.04250699251619017,
      0.04711779448621556
    ],
    "Om": 0.3332775919732441,
    "Om_err": [
      0.01868692802292138,
      0.01778650689602368
    ],
    "chi2_TS": 1391.5451414212584,
    "chi2_L": 1386.406638070941,
    "chi2_dof_L": 0.878584688257884,
    "dBIC": 5.138503350317478
  },
  "standard_diag": {
    "fv0": 0.843859649122807,
    "Om": 0.3498327759197324,
    "chi2_TS": 1325.0335534214973,
    "chi2_L": 1320.0891762301326,
    "dBIC": 4.944377191364765
  },
  "tripp_full": {
    "N": 1580,
    "fv0": 0.8200000000000001,
    "fv0_err": [
      0.030891497160211667,
      0.038291679972369486
    ],
    "Om": 0.36624999999999996,
    "L_TS": -1380.8443668720565,
    "L_L": -1371.4477925903195,
    "dBIC": -9.396574281737003,
    "alpha": 0.13105229351312903,
    "beta": 2.663189641052737,
    "sigint": 0.11149436937125078
  },
  "tripp_z023": {
    "N": 1371,
    "fv0": 0.8400000000000001,
    "fv0_err": [
      0.03418358066317817,
      0.040827178381642626
    ],
    "Om": 0.3525,
    "L_TS": -1305.5652719283748,
    "L_L": -1301.8633963261932,
    "dBIC": -3.7018756021816444,
    "alpha": 0.1237417048135272,
    "beta": 2.632721548549802,
    "sigint": 0.10959221309963219
  },
  "tripp_z075": {
    "N": 987,
    "fv0": 0.7949999999999999,
    "fv0_err": [
      0.03654469681111183,
      0.04209484337800873
    ],
    "Om": 0.34562499999999996,
    "L_TS": -928.5949844490855,
    "L_L": -921.7730840863143,
    "dBIC": -6.821900362771203,
    "alpha": 0.11915822305315175,
    "beta": 2.6161363240038247,
    "sigint": 0.1102808094582162
  }
}