{
  "N": 1593,
  "lcdm": {
    "Om": 0.3048091938075369,
    "H0": 68.59358055995251,
    "chi2": 1402.2371681695804
  },
  "w0wa": {
    "Om": 0.3111816916222612,
    "w0": -0.8717826170380042,
    "wa": -0.4745115505090217,
    "H0": 68.00500585824838,
    "chi2": 1398.2855555121787,
    "dBIC_vs_lcdm": 10.795135962418499,
    "dchi2_vs_lcdm": 3.9516126574017107
  },
  "timescape": {
    "fv0": 0.6426065162907268,
    "H0": 63.14247304293886,
    "chi2": 1469.2926030652598,
    "dBIC_vs_lcdm": 67.05543489567935
  }
}