{
  "cmb_point": 94.31613346043332,
  "cmb_err": 0.05,
  "timescape": {
    "fv0": 0.636,
    "fv0_err": [
      0.005680772025336456,
      0.0055326001244700995
    ],
    "H0": 62.61905671504467,
    "chi2": 36.22014019591734,
    "dof": 11,
    "q0": -0.020487581315541775
  },
  "lcdm": {
    "Om": 0.30000000000000004,
    "H0": 69.03216573209124,
    "chi2": 12.983654268085957,
    "dof": 11,
    "q0": -0.5499999999999999
  },
  "w0wa": {
    "Om": 0.40474898855514885,
    "w0": 0.1445877646820827,
    "wa": -3.7787086740920275,
    "H0": 60.10849268867992,
    "chi2": 9.924605823121965,
    "dof": 9,
    "q0": 0.6290990197543398,
    "dBIC_vs_lcdm": 2.070850269959081
  },
  "core": {
    "fv0_SN": 0.853,
    "fv0_BAOonly": 0.677,
    "SN_dchi2_at_BAOfv": 25.747027814388275,
    "BAO_dchi2_at_SNfv": 80.73346732389473
  }
}