{
  "model": "Buchert scaling-solution backreaction template (Larena, Alimi, Buchert, Kunz & Corasaniti 2009, arXiv:0808.1161)",
  "sn_only": {
    "n": -0.5318586086219055,
    "Om": 0.3893406668818351,
    "chi2": 1388.083798289299,
    "q0": 0.4531760117880961
  },
  "bao_only": {
    "n": -0.12241935580968874,
    "Om": 0.028680868319976023,
    "chi2": 853.2519216522633,
    "H0": 83.19856722400988,
    "q0": 0.4846672096215391
  },
  "bao_cmb": {
    "n": -0.33580917533673593,
    "Om": 0.030076542934808787,
    "chi2": 865.9294560109265,
    "H0": 79.60206314583529,
    "q0": 0.4555550990870201
  },
  "joint": {
    "n": -0.38026717901229823,
    "Om": 0.036543524265289264,
    "chi2": 2960.7377914637327,
    "sn_chi2": 2053.582103922963,
    "baocmb_chi2": 907.1556875407696,
    "H0": 75.79311117057118,
    "q0": 0.4493925526761946
  },
  "lcdm_joint_chi2": 1402.2,
  "dchi2_vs_LCDM": 1558.5377914637327,
  "dBIC_vs_LCDM": 1558.5377914637327,
  "dBIC_note": "equal k (both models: 2 cosmo params + offset/alpha) -> dBIC = dchi2"
}