{
  "m_b_corr (standard) | Full covariance": 5.138503350317478,
  "m_b_corr (standard) | Diagonal\n(off-diag dropped)": 4.944377191364765,
  "raw Tripp (no bias corr.) | Full covariance": 3.89517193287611,
  "raw Tripp (no bias corr.) | Diagonal\n(off-diag dropped)": -7.850625820457935
}