{
  "N": 1593,
  "lcdm": {
    "Om": 0.30513316475074526,
    "H0": 68.5831297341833,
    "chi2": 1402.1955032334663
  },
  "w0wa": {
    "Om": 0.31148253616297333,
    "w0": -0.8713844069033887,
    "wa": -0.4820463731570124,
    "H0": 68.00552660838947,
    "chi2": 1398.2845794958994,
    "dBIC_vs_lcdm": 10.835824882253291,
    "dchi2_vs_lcdm": 3.910923737566918
  },
  "timescape": {
    "fv0": 0.6426065162907268,
    "H0": 63.15974947165228,
    "chi2": 1469.527868758887,
    "dBIC_vs_lcdm": 67.33236552542076
  }
}