{
  "model": "Buchert scaling-solution backreaction 'morphon' template (Larena, Alimi, Buchert, Kunz & Corasaniti 2009, arXiv:0808.1161)",
  "params": "(n, Om) evolving-curvature morphon; k=2 cosmological params",
  "sn_only": {
    "n": -0.5318586086219055,
    "Om": 0.3893406668818351,
    "chi2": 1388.083798289299,
    "q0": 0.4531760117880961
  },
  "bao_only": {
    "n": -0.12241935580968874,
    "Om": 0.028680868319976023,
    "chi2": 853.2519216522633,
    "H0": 83.19856722400988,
    "q0": 0.4846672096215391
  },
  "bao_cmb": {
    "n": -0.3411701202714566,
    "Om": 0.028705810555582897,
    "chi2": 865.9680005973205,
    "H0": 79.86203456506911,
    "q0": 0.4547155010857865
  },
  "joint": {
    "n": -0.379472376577854,
    "Om": 0.03651641052615213,
    "chi2": 2961.276532366406,
    "sn_chi2": 2054.466769680381,
    "baocmb_chi2": 906.8097626860254,
    "H0": 75.81492677998024,
    "q0": 0.44950799365178984
  },
  "lcdm_joint_chi2": 1402.2,
  "N": 1593,
  "dchi2_vs_LCDM": 1559.0765323664061,
  "dBIC_vs_LCDM": 1559.0765323664061,
  "dBIC_note": "equal k (both models: 2 cosmo params + offset/alpha) -> dBIC = dchi2",
  "command": "cd src && python model_buchert.py",
  "verdict_of_verification": "Reproduced from src/model_buchert.py: joint dBIC~+1.56e3 (fits SNe but fails BAO+CMB catastrophically); paper quotes ~+1600. Row of tab:voids now backed by this artifact (and the root results_buchert.json)."
}