{
  "probe": "1 \u2014 per-SN LOS void statistics",
  "n": 573,
  "ds_Mpc_h": 0.5,
  "delta_thresholds": [
    -0.3,
    -0.5,
    -0.7
  ],
  "F_stats": {
    "F(-0.3)": {
      "mean": 0.33972843943299996,
      "std": 0.21612163656412733,
      "min": 0.0,
      "max": 0.9338842975206612
    },
    "F(-0.5)": {
      "mean": 0.21703654230229932,
      "std": 0.19595750162438164,
      "min": 0.0,
      "max": 0.8925619834710744
    },
    "F(-0.7)": {
      "mean": 0.08769231345588309,
      "std": 0.1337254826564846,
      "min": 0.0,
      "max": 0.6578947368421053
    }
  },
  "mean_delta_path": {
    "mean": 0.4084189852582801,
    "std": 0.6865936476456481,
    "min": -0.6482350941594215,
    "max": 3.4154880444146563
  },
  "delta_loc8": {
    "mean": 0.9554942748860176,
    "std": 1.2236267095801097
  },
  "varF_vs_z(-0.5)": {
    "0.010-0.020": {
      "n": 149,
      "mean_F(-0.5)": 0.19038959155077778,
      "var_F(-0.5)": 0.040834217407856255,
      "std_F(-0.5)": 0.2020747817216593
    },
    "0.020-0.030": {
      "n": 197,
      "mean_F(-0.5)": 0.2374149691301934,
      "var_F(-0.5)": 0.04441478889918896,
      "std_F(-0.5)": 0.21074816464014334
    },
    "0.030-0.040": {
      "n": 121,
      "mean_F(-0.5)": 0.24078053414068273,
      "var_F(-0.5)": 0.03757976403177384,
      "std_F(-0.5)": 0.1938550077552134
    },
    "0.040-0.050": {
      "n": 55,
      "mean_F(-0.5)": 0.20984902311145037,
      "var_F(-0.5)": 0.01925442844596257,
      "std_F(-0.5)": 0.13876032734885924
    },
    "0.050-0.067": {
      "n": 43,
      "mean_F(-0.5)": 0.18804694472573089,
      "var_F(-0.5)": 0.024203587957491543,
      "std_F(-0.5)": 0.15557502356577532
    }
  },
  "G1_gate": {
    "n_rays": 20000,
    "ds": 2.0,
    "rmin": 5.0,
    "rmax": 195.0,
    "max_abs_dev(r>rmin)": 0.01929570280745218,
    "max_dev_at_r_Mpc_h": 74.0,
    "rms_dev": 0.006012007417485497,
    "profile_correlation": 0.9990080639986306,
    "ray_ensemble_mean_delta": 0.06617185398702352,
    "grid_volume_mean_delta": 0.06460473514375391,
    "ensemble_vs_grid_mean_diff": 0.0015671188432696131,
    "PASS": true
  },
  "npz": "probes_out/probe1_los.npz"
}