{
  "name": "seifert",
  "provenance": {
    "worktree": "/Users/s/dev/science/timescape-hubble-tension/.claude/worktrees/significance-audit",
    "script": "src/probes/seifert.py",
    "covariance": "Seifert et al. cosmology-independent P+1690 covariance, Zenodo doi:10.5281/zenodo.12729746 (PP_1690_COVd.txt, 5070x5070); input PP_1690_input.txt from antosft/SNe-PantheonPlus-Analysis @3caa94c (byte-identical to the Zenodo full_input.csv)",
    "likelihood": "NGS/Dam hierarchical Gaussian, verbatim from freq_loop.py::m2loglike; distances reuse src/fit_timescape.py (verified identical to Seifert distmod.py to 1e-12); likelihood cross-checked to 1e-12 against an independent slogdet+solve implementation",
    "k": "9 params each model (cosmo + alpha,beta,M0,X0,C0,V_x,V_c,V_M) -> dBIC = dAIC = Delta(-2lnL)",
    "lnB": "1-D quadrature over the cosmological parameter, nuisances profiled (Occam factors cancel across models: identical nuisance structure); primary decisive statistic is dBIC",
    "sign": "dBIC, lnB > 0 favour LCDM; < 0 favour timescape",
    "data_env": "SEIFERT_DATA / SEIFERT_REPO (uncommitted high-volume data; not in repo)"
  },
  "fv_grid": [
    0.5,
    0.98,
    25
  ],
  "om_grid": [
    0.06,
    0.6,
    15
  ],
  "results": {
    "z>=0.055": {
      "zcut": 0.055,
      "N": 1032,
      "timescape": {
        "fv0": 0.6794681587642464,
        "err_lo": 0.03137526440335847,
        "err_hi": 0.03300784545955493,
        "neg2lnL": -833.244125351211,
        "Om_dressed_implied": 0.4294274312306392,
        "alpha": 0.17025250039121229,
        "beta": 4.24034864347176,
        "Vx": 0.6494831587797325,
        "Vc": 0.0025367815175360883,
        "VM": 0.007280228051928438,
        "nuis_at_min": [
          0.17025250039121229,
          4.24034864347176,
          -0.4315783727230819,
          -5.976859120506157,
          -4.92259309144984
        ]
      },
      "lcdm": {
        "Om": 0.4152523195787097,
        "err_lo": 0.02318156031923202,
        "err_hi": 0.025480145118793707,
        "neg2lnL": -838.1821947618165,
        "alpha": 0.17037219808746645,
        "beta": 4.278079531442382,
        "Vx": 0.6496409283619645,
        "Vc": 0.0025070979593154307,
        "VM": 0.007045997550502852
      },
      "dBIC_TS_minus_LCDM": 4.938069410605522,
      "dAIC_TS_minus_LCDM": 4.938069410605522,
      "lnB": {
        "Om~U(0.06,0.60) x fv0~U(0.50,0.95)": {
          "lnB_LCDM_over_TS": 1.9875690764909777,
          "twolnB": 3.9751381529819554
        },
        "Om~U(0.06,0.60) x fv0~U(0.55,0.90)": {
          "lnB_LCDM_over_TS": 1.7363328487458576,
          "twolnB": 3.472665697491715
        },
        "Om~U(0.10,0.50) x fv0~U(0.50,0.95)": {
          "lnB_LCDM_over_TS": 2.2865742468802472,
          "twolnB": 4.5731484937604945
        },
        "Om~U(0.10,0.50) x fv0~U(0.55,0.90)": {
          "lnB_LCDM_over_TS": 2.035338019135127,
          "twolnB": 4.070676038270254
        }
      },
      "ts_curve": {
        "grid": [
          0.5,
          0.52,
          0.54,
          0.56,
          0.58,
          0.6,
          0.62,
          0.64,
          0.66,
          0.6799999999999999,
          0.7,
          0.72,
          0.74,
          0.76,
          0.78,
          0.8,
          0.8200000000000001,
          0.8400000000000001,
          0.86,
          0.88,
          0.9,
          0.9199999999999999,
          0.94,
          0.96,
          0.98
        ],
        "n2": [
          -798.0748647663504,
          -805.8284148527282,
          -812.6011630252315,
          -818.378490894057,
          -823.1621350587911,
          -826.9692925759527,
          -829.8313306637892,
          -831.7922401272708,
          -832.9083665129865,
          -833.2438747739207,
          -832.8706744690435,
          -831.8658660642386,
          -830.3095082185982,
          -828.2828688329164,
          -825.8680048982233,
          -823.1451630589463,
          -820.1908727049222,
          -817.07695442372,
          -813.8695921383105,
          -810.6285504432517,
          -807.4066106970631,
          -804.2492185025321,
          -801.1943894611786,
          -798.2728336588762,
          -795.5082615370657
        ]
      },
      "lcdm_curve": {
        "grid": [
          0.06,
          0.08,
          0.1,
          0.12,
          0.14,
          0.16,
          0.18,
          0.2,
          0.22,
          0.24,
          0.26,
          0.28,
          0.3,
          0.32,
          0.34,
          0.36,
          0.38,
          0.4,
          0.42,
          0.44,
          0.46,
          0.48,
          0.5,
          0.52,
          0.54,
          0.56,
          0.5800000000000001,
          0.6
        ],
        "n2": [
          -473.08379102052913,
          -526.8478049298365,
          -573.9428503947192,
          -615.2943296830881,
          -651.6111294034081,
          -683.4597049263893,
          -711.3070657922062,
          -735.5451513336548,
          -756.5199037971206,
          -774.5174232736235,
          -789.80694883456,
          -802.6174010492168,
          -813.1573120715793,
          -821.6149533228499,
          -828.160904248457,
          -832.9502224540474,
          -836.1255372901642,
          -837.817810820371,
          -838.1468886093799,
          -837.222890365686,
          -835.1476570728,
          -832.014803709294,
          -827.9114722604927,
          -822.918245829077,
          -817.1097247541538,
          -810.5550557223751,
          -803.3183697833038,
          -795.459172094902
        ]
      }
    },
    "z>=0.033": {
      "zcut": 0.033,
      "N": 1169,
      "timescape": {
        "fv0": 0.6753831456193583,
        "err_lo": 0.02961323247720915,
        "err_hi": 0.03110049786017066,
        "neg2lnL": -775.258295826825,
        "Om_dressed_implied": 0.4342372304969712,
        "alpha": 0.17238298735700033,
        "beta": 4.119605978754908,
        "Vx": 0.73387980527319,
        "Vc": 0.0027478514222501645,
        "VM": 0.009236161332053546,
        "nuis_at_min": [
          0.17238298735700033,
          4.119605978754908,
          -0.3094100168104146,
          -5.896935973678294,
          -4.6846289199017
        ]
      },
      "lcdm": {
        "Om": 0.43316245585800084,
        "err_lo": 0.021533190119607415,
        "err_hi": 0.02288835827171115,
        "neg2lnL": -776.7760749396948,
        "alpha": 0.17254067493546626,
        "beta": 4.144125051676942,
        "Vx": 0.7337098548167984,
        "Vc": 0.0027201550345086448,
        "VM": 0.009150843664877362
      },
      "dBIC_TS_minus_LCDM": 1.517779112869789,
      "dAIC_TS_minus_LCDM": 1.517779112869789,
      "lnB": {
        "Om~U(0.06,0.60) x fv0~U(0.50,0.95)": {
          "lnB_LCDM_over_TS": 0.26243663175158716,
          "twolnB": 0.5248732635031743
        },
        "Om~U(0.06,0.60) x fv0~U(0.55,0.90)": {
          "lnB_LCDM_over_TS": 0.011164743855194725,
          "twolnB": 0.02232948771038945
        },
        "Om~U(0.10,0.50) x fv0~U(0.50,0.95)": {
          "lnB_LCDM_over_TS": 0.5585200647757369,
          "twolnB": 1.1170401295514738
        },
        "Om~U(0.10,0.50) x fv0~U(0.55,0.90)": {
          "lnB_LCDM_over_TS": 0.30724817687934447,
          "twolnB": 0.6144963537586889
        }
      },
      "ts_curve": {
        "grid": [
          0.5,
          0.52,
          0.54,
          0.56,
          0.58,
          0.6,
          0.62,
          0.64,
          0.66,
          0.6799999999999999,
          0.7,
          0.72,
          0.74,
          0.76,
          0.78,
          0.8,
          0.8200000000000001,
          0.8400000000000001,
          0.86,
          0.88,
          0.9,
          0.9199999999999999,
          0.94,
          0.96,
          0.98
        ],