{
  "fv0_SN": 0.8525083612040134,
  "fv0_BAOCMB": 0.6391304347826087,
  "fv0_BAO": 0.6759197324414716
}