{
  "cmb_point": 94.29001253445936,
  "cmb_err": 0.05,
  "timescape": {
    "fv0": 0.636,
    "H0": 62.63618881092857,
    "chi2": 36.32731787580997,
    "dof": 11,
    "q0": -0.020487581315541775
  },
  "lcdm": {
    "Om": 0.30000000000000004,
    "H0": 69.05105151304579,
    "chi2": 13.010440576355904,
    "dof": 11,
    "q0": -0.5499999999999999
  },
  "w0wa": {
    "Om": 0.4063797456434599,
    "w0": 0.15975197851049328,
    "wa": -3.8351044043101012,
    "H0": 60.0169578147459,
    "chi2": 9.858602095395327,
    "dof": 9,
    "q0": 0.6422480151760392,
    "dBIC_vs_lcdm": 1.9780602339624949
  },
  "core": {
    "fv0_SN": 0.853,
    "fv0_BAOonly": 0.677,
    "SN_dchi2_at_BAOfv": 25.747027814388275,
    "BAO_dchi2_at_SNfv": 80.73346732389473
  }
}